,hh_income,hh_lifeCycle,occupation_type,age,motif_R,motif_RAAR,motif_RAOAR,motif_RAOR,motif_RAR,motif_ROAOR,motif_ROAR,motif_ROOR,motif_ROR,office_block,residential_block,amenity_block
0,3,6,1,43,0,0,0,0,0,0,0,0,1,2,19,
1,7,10,1,33,0,0,0,0,0,0,0,0,1,2,5,
2,10,2,1,53,0,1,0,0,0,0,0,0,0,2,15,3.0
3,7,2,1,30,0,0,0,0,0,0,1,0,0,2,0,9.0
4,6,1,1,38,0,0,0,0,0,0,1,0,0,2,15,9.0
5,11,2,1,63,0,0,0,0,0,1,0,0,0,2,5,20.0
6,5,3,2,35,0,0,1,0,0,0,0,0,0,2,5,9.0
7,3,2,2,33,0,0,0,0,0,0,0,0,1,2,15,
8,6,10,2,72,0,0,0,0,0,0,1,0,0,2,4,9.0
9,6,10,2,72,0,0,0,0,0,0,1,0,0,2,15,21.0
10,4,10,2,50,0,0,0,0,0,0,0,0,1,2,13,
11,6,3,2,37,0,0,0,0,1,0,0,0,0,2,1,21.0
12,5,1,3,51,0,0,0,0,0,0,1,0,0,2,1,7.0
13,6,10,3,65,0,0,0,0,0,0,1,0,0,2,4,19.0
14,3,2,3,48,0,0,0,0,0,0,1,0,0,2,19,7.0
15,3,6,3,43,0,0,0,0,0,0,0,0,1,2,1,
16,10,2,3,50,0,0,0,0,0,0,0,0,1,2,1,
17,6,10,3,65,0,0,0,0,0,0,1,0,0,2,15,3.0
18,8,10,4,52,0,0,0,0,0,0,0,0,1,2,0,
19,6,1,4,67,0,1,0,0,0,0,0,0,0,2,0,9.0
20,11,2,4,31,0,0,1,0,0,0,0,0,0,2,13,6.0
21,11,4,4,40,0,0,0,0,0,0,0,0,1,2,14,
22,8,2,4,61,0,0,1,0,0,0,0,0,0,2,0,7.0
23,10,4,4,32,0,0,0,0,0,0,0,0,1,2,13,
24,8,6,5,16,0,1,0,0,0,0,0,0,0,2,5,11.0
25,8,8,5,17,0,1,0,0,0,0,0,0,0,2,14,7.0
26,1,5,5,17,0,0,0,0,0,0,0,0,1,2,5,
27,6,8,5,16,0,0,0,0,1,0,0,0,0,2,13,13.0
28,7,4,5,16,0,0,0,0,0,0,1,0,0,2,1,6.0
29,8,8,5,17,0,0,0,0,0,0,0,0,1,2,19,
30,9,2,1,37,0,0,0,0,0,0,1,0,0,3,15,21.0
31,11,4,1,51,0,0,0,0,0,0,0,0,1,3,15,
32,5,10,1,62,0,1,0,0,0,0,0,0,0,3,1,7.0
33,8,8,1,60,0,0,0,0,1,0,0,0,0,3,15,13.0
34,5,2,1,58,0,0,0,0,0,0,0,0,1,3,13,
35,3,2,1,26,0,0,0,0,1,0,0,0,0,3,5,9.0
36,11,2,1,63,0,0,0,0,0,1,0,0,0,3,13,9.0
37,6,1,1,69,0,1,0,0,0,0,0,0,0,3,15,18.0
38,6,10,1,57,0,1,0,0,0,0,0,0,0,3,13,11.0
39,3,1,1,56,0,1,0,0,0,0,0,0,0,3,19,10.0
40,4,8,1,24,0,0,0,0,0,0,0,0,1,3,15,
41,6,5,1,18,0,0,0,0,0,0,1,0,0,3,14,19.0
42,1,1,1,62,0,0,0,0,0,0,1,0,0,3,15,21.0
43,3,1,1,74,0,0,1,0,0,0,0,0,0,3,1,11.0
44,10,2,1,30,0,0,0,0,0,0,0,0,1,3,18,
45,8,2,1,23,0,0,0,0,1,0,0,0,0,3,15,9.0
46,6,2,1,57,0,0,0,0,0,0,0,0,1,3,14,
47,8,2,1,59,0,0,0,0,0,0,0,1,0,3,1,
48,11,1,1,44,0,0,0,0,0,0,0,0,1,3,14,
49,3,1,1,52,0,0,0,0,0,0,1,0,0,3,5,21.0
50,3,10,1,27,0,0,0,0,0,0,1,0,0,3,1,8.0
51,3,10,1,27,0,0,0,0,0,0,1,0,0,3,1,9.0
52,10,2,1,64,0,0,0,0,0,0,1,0,0,3,14,19.0
53,4,6,1,58,0,1,0,0,0,0,0,0,0,3,1,21.0
54,3,1,1,57,0,0,0,0,0,0,0,0,1,3,0,
55,2,5,1,51,0,0,0,0,0,0,1,0,0,3,15,22.0
56,8,2,1,52,0,0,0,0,0,1,0,0,0,3,4,21.0
57,3,1,1,70,0,1,0,0,0,0,0,0,0,3,5,9.0
58,5,10,1,20,0,0,0,0,0,0,0,0,1,3,1,
59,3,3,1,36,0,0,0,0,0,0,1,0,0,3,1,13.0
60,5,1,2,57,0,0,0,0,0,0,1,0,0,3,15,21.0
61,5,2,2,30,0,1,0,0,0,0,0,0,0,3,15,19.0
62,7,10,2,38,0,0,1,0,0,0,0,0,0,3,1,19.0
63,7,10,2,62,0,0,0,0,0,0,0,0,1,3,1,
64,2,4,2,39,0,0,0,1,0,0,0,0,0,3,5,20.0
65,2,4,2,39,0,0,0,1,0,0,0,0,0,3,15,10.0
66,7,10,2,63,0,0,1,0,0,0,0,0,0,3,14,21.0
67,7,10,2,38,0,0,1,0,0,0,0,0,0,3,1,7.0
68,5,1,2,61,0,0,0,0,0,0,0,0,1,3,13,
69,9,6,2,27,0,0,0,0,0,0,0,0,1,3,19,
70,11,2,2,55,0,0,0,0,0,0,1,0,0,3,15,11.0
71,7,2,2,24,0,0,0,0,0,0,0,0,1,3,15,
72,7,6,2,22,0,0,0,0,0,0,0,1,0,3,5,
73,11,2,2,55,0,0,0,0,0,0,1,0,0,3,5,19.0
74,6,6,2,34,0,0,0,0,0,0,1,0,0,3,1,21.0
75,8,1,2,50,0,0,1,0,0,0,0,0,0,3,5,19.0
76,7,2,2,37,0,0,0,0,0,0,1,0,0,3,1,21.0
77,7,2,2,37,0,0,0,0,0,0,1,0,0,3,1,22.0
78,8,2,2,27,0,0,0,0,0,1,0,0,0,3,15,7.0
79,7,2,2,62,0,0,0,0,0,0,0,0,1,3,15,
80,8,5,2,57,0,0,0,0,0,0,0,0,1,3,1,
81,5,10,2,68,0,0,0,0,1,0,0,0,0,3,14,3.0
82,7,8,2,50,0,0,0,0,0,0,0,0,1,3,15,
83,6,1,2,55,0,0,0,0,0,0,0,0,1,3,5,
84,7,2,2,23,0,0,0,0,0,0,1,0,0,3,13,21.0
85,6,2,2,37,0,0,1,0,0,0,0,0,0,3,15,9.0
86,5,10,2,41,0,0,0,0,0,0,1,0,0,3,1,19.0
87,10,10,2,40,0,0,0,0,0,0,1,0,0,3,5,21.0
88,7,4,2,41,0,0,0,0,0,0,0,0,1,3,5,
89,8,8,2,37,0,0,0,0,0,0,1,0,0,3,15,21.0
90,10,2,3,22,0,0,0,0,0,0,0,1,0,3,19,
91,11,2,3,33,0,0,0,0,0,0,1,0,0,3,5,20.0
92,6,4,3,40,0,0,0,1,0,0,0,0,0,3,5,21.0
93,2,10,3,58,0,0,0,0,0,0,1,0,0,3,14,11.0
94,8,1,3,71,0,0,0,1,0,0,0,0,0,3,1,7.0
95,4,8,3,59,0,0,0,0,0,0,0,0,1,3,1,
96,6,1,3,49,0,0,0,0,0,0,0,1,0,3,14,
97,6,6,3,39,0,0,0,0,0,0,1,0,0,3,1,11.0
98,6,6,3,44,0,0,1,0,0,0,0,0,0,3,15,9.0
99,3,10,3,38,0,0,0,0,0,0,1,0,0,3,19,3.0
100,6,8,3,69,0,0,0,0,1,0,0,0,0,3,15,11.0
101,8,8,3,19,0,0,0,0,0,0,0,0,1,3,19,
102,10,2,3,22,0,0,0,0,0,0,0,1,0,3,5,
103,6,6,3,44,0,0,1,0,0,0,0,0,0,3,15,9.0
104,2,10,3,58,0,0,0,0,0,0,1,0,0,3,1,8.0
105,7,4,3,41,0,0,0,0,1,0,0,0,0,3,0,9.0
106,2,10,3,58,0,0,0,0,0,0,1,0,0,3,1,7.0
107,9,8,3,60,0,0,0,0,1,0,0,0,0,3,15,10.0
108,8,2,3,22,0,0,0,0,0,0,0,0,1,3,13,
109,5,1,3,51,0,0,0,0,0,0,1,0,0,3,15,9.0
110,10,2,3,37,0,0,1,0,0,0,0,0,0,3,5,11.0
111,6,8,3,69,0,0,0,0,1,0,0,0,0,3,1,9.0
112,6,4,3,43,0,0,1,0,0,0,0,0,0,3,5,21.0
113,6,2,3,23,0,0,0,0,0,0,0,0,1,3,1,
114,6,2,3,58,0,0,0,0,0,0,0,0,1,3,19,
115,1,1,3,25,0,0,0,1,0,0,0,0,0,3,12,11.0
116,3,6,3,43,0,0,0,0,0,0,0,0,1,3,15,
117,9,4,3,39,0,0,0,0,0,0,1,0,0,3,5,20.0
118,5,6,3,58,0,0,0,1,0,0,0,0,0,3,15,19.0
119,8,1,3,53,0,0,0,0,0,0,0,0,1,3,15,
120,8,10,4,61,0,1,0,0,0,0,0,0,0,3,1,6.0
121,11,1,4,36,0,0,0,0,0,0,0,1,0,3,19,
122,7,1,4,41,0,0,0,0,0,0,0,0,1,3,18,
123,5,8,4,25,0,0,0,0,0,0,0,0,1,3,1,
124,6,1,4,28,0,0,0,0,0,1,0,0,0,3,15,22.0
125,10,2,4,56,0,0,0,0,0,0,0,0,1,3,15,
126,6,1,4,67,0,1,0,0,0,0,0,0,0,3,15,11.0
127,9,2,4,23,0,0,0,0,0,0,1,0,0,3,14,19.0
128,11,2,4,35,0,0,0,0,0,0,0,0,1,3,19,
129,8,2,4,74,0,0,0,0,0,0,1,0,0,3,5,13.0
130,4,1,4,45,0,0,0,0,0,0,0,0,1,3,15,
131,9,1,4,62,0,0,0,0,0,0,1,0,0,3,13,8.0
132,4,1,4,30,0,0,0,0,0,0,0,0,1,3,1,
133,11,4,4,43,0,0,0,0,1,0,0,0,0,3,15,21.0
134,7,6,4,57,0,0,0,0,0,0,0,0,1,3,1,
135,9,1,4,42,0,1,0,0,0,0,0,0,0,3,5,9.0
136,5,1,4,24,0,0,0,0,0,0,0,0,1,3,18,
137,8,2,4,23,0,0,0,1,0,0,0,0,0,3,15,3.0
138,11,2,4,53,0,0,0,0,0,0,0,0,1,3,19,
139,6,2,4,29,0,0,0,0,0,0,0,1,0,3,13,
140,7,1,4,33,0,0,0,0,0,1,0,0,0,3,15,7.0
141,7,1,4,47,0,0,0,0,1,0,0,0,0,3,1,9.0
142,10,2,4,37,0,0,0,0,0,0,1,0,0,3,0,21.0
143,11,4,4,45,0,0,0,0,0,0,0,1,0,3,5,
144,7,2,4,32,0,0,0,0,0,0,0,0,1,3,14,
145,10,10,4,64,0,0,0,0,1,0,0,0,0,3,15,21.0
146,9,2,4,33,0,0,0,0,0,0,0,0,1,3,14,
147,11,4,4,46,0,0,0,0,0,0,1,0,0,3,1,3.0
148,5,2,4,32,0,0,0,0,0,0,0,0,1,3,15,
149,11,2,4,45,0,0,0,0,0,1,0,0,0,3,15,11.0
150,5,7,5,16,0,0,0,0,1,0,0,0,0,3,4,6.0
151,8,8,5,16,0,0,0,0,0,0,1,0,0,3,5,13.0
152,7,6,5,17,0,0,0,1,0,0,0,0,0,3,5,21.0
153,4,8,5,17,0,0,0,0,0,0,0,0,1,3,15,
154,8,8,5,17,0,1,0,0,0,0,0,0,0,3,15,3.0
155,5,6,5,17,0,0,0,0,0,0,1,0,0,3,0,21.0
156,7,8,5,16,0,0,0,0,0,0,0,0,1,3,19,
157,1,6,5,17,0,0,0,0,0,0,1,0,0,3,4,9.0
158,3,6,5,16,0,0,0,0,0,0,0,0,1,3,1,
159,8,8,5,16,0,0,0,0,0,0,1,0,0,3,5,21.0
160,5,6,5,17,0,0,0,0,0,0,0,0,1,3,15,
161,1,6,5,17,0,0,0,0,0,0,1,0,0,3,19,9.0
162,6,8,5,16,0,0,1,0,0,0,0,0,0,3,19,6.0
163,1,7,5,17,0,0,0,0,0,1,0,0,0,3,13,7.0
164,1,5,5,17,0,0,0,0,0,0,0,0,1,3,5,
165,7,8,5,16,0,0,0,0,0,0,0,0,1,3,5,
166,3,6,5,16,0,0,0,0,0,0,0,0,1,3,15,
167,1,5,5,17,0,0,0,0,0,0,0,0,1,3,15,
168,6,8,5,16,0,0,1,0,0,0,0,0,0,3,1,11.0
169,8,6,5,16,0,1,0,0,0,0,0,0,0,3,1,11.0
170,9,6,5,17,0,0,0,0,0,0,1,0,0,3,19,11.0
171,1,7,5,17,0,0,0,0,0,1,0,0,0,3,19,11.0
172,1,6,5,17,0,0,0,0,0,0,1,0,0,3,15,7.0
173,1,6,5,17,0,0,0,0,0,0,1,0,0,3,15,12.0
174,7,6,5,17,0,0,0,1,0,0,0,0,0,3,15,3.0
175,6,8,5,16,0,0,0,0,1,0,0,0,0,3,0,9.0
176,3,6,5,16,0,0,0,0,0,0,0,0,1,3,5,
177,9,6,5,17,0,0,0,0,0,0,1,0,0,3,15,6.0
178,7,4,5,17,0,0,0,0,0,0,0,0,1,3,0,
179,8,8,5,17,0,0,0,0,0,0,0,0,1,3,15,
180,3,2,1,22,0,0,1,0,0,0,0,0,0,4,19,3.0
181,7,2,1,28,0,0,0,0,0,1,0,0,0,4,13,8.0
182,1,2,1,45,1,0,0,0,0,0,0,0,0,4,19,
183,9,2,1,56,0,0,0,0,0,0,1,0,0,4,14,7.0
184,5,10,2,41,0,0,0,0,0,0,1,0,0,4,15,20.0
185,6,8,2,19,0,1,0,0,0,0,0,0,0,4,15,11.0
186,10,10,2,40,0,0,0,0,0,0,1,0,0,4,5,21.0
187,6,3,2,37,0,0,0,0,1,0,0,0,0,4,15,7.0
188,4,8,3,59,0,0,0,0,0,0,0,0,1,4,1,
189,10,10,3,56,0,0,0,0,0,0,0,1,0,4,15,
190,5,6,3,60,0,0,0,0,0,0,0,0,1,4,1,
191,6,2,3,63,0,0,0,0,0,0,0,0,1,4,5,
192,8,2,4,61,0,0,1,0,0,0,0,0,0,4,13,6.0
193,4,1,4,45,0,0,0,0,0,0,0,0,1,4,1,
194,3,6,4,46,0,0,0,0,0,0,0,0,1,4,19,
195,7,1,4,44,0,0,0,0,0,0,0,0,1,4,19,
196,5,7,5,16,0,0,0,0,1,0,0,0,0,4,1,7.0
197,7,8,5,16,0,0,0,0,0,0,0,0,1,4,13,
198,5,6,5,17,0,0,0,0,0,0,0,0,1,4,1,
199,1,6,5,17,0,0,0,0,0,0,1,0,0,4,5,13.0
200,7,2,1,64,0,1,0,0,0,0,0,0,0,5,19,7.0
201,8,2,1,22,0,0,0,0,0,0,0,0,1,5,15,
202,3,6,1,57,0,0,0,0,1,0,0,0,0,5,18,11.0
203,9,2,1,46,0,0,0,0,0,0,0,0,1,5,18,
204,8,1,1,59,0,0,0,0,0,1,0,0,0,5,1,21.0
205,6,10,1,44,0,0,0,0,0,0,0,0,1,5,18,
206,1,7,1,58,0,0,0,0,0,0,0,0,1,5,5,
207,2,2,1,21,0,0,0,0,0,0,0,1,0,5,15,
208,4,4,1,34,0,0,0,0,0,0,0,0,1,5,14,
209,7,7,1,21,0,0,0,0,0,0,0,0,1,5,15,
210,6,2,1,19,0,0,0,0,0,0,0,0,1,5,14,
211,2,1,1,26,0,0,0,0,1,0,0,0,0,5,5,11.0
212,3,1,1,57,0,0,0,0,0,0,0,0,1,5,15,
213,11,2,1,41,0,0,0,0,0,0,0,0,1,5,15,
214,1,1,1,62,0,0,0,0,0,0,1,0,0,5,1,19.0
215,6,10,1,62,0,0,0,0,1,0,0,0,0,5,1,11.0
216,8,2,1,25,0,0,1,0,0,0,0,0,0,5,19,8.0
217,7,2,1,78,0,0,0,0,0,0,0,0,1,5,1,
218,6,2,1,27,0,0,0,0,0,1,0,0,0,5,15,22.0
219,4,2,1,39,0,0,0,0,0,0,0,0,1,5,0,
220,5,2,2,67,0,0,0,0,1,0,0,0,0,5,19,9.0
221,4,1,2,65,0,0,0,0,0,0,1,0,0,5,1,3.0
222,10,10,2,57,0,1,0,0,0,0,0,0,0,5,5,3.0
223,2,4,2,39,0,0,0,1,0,0,0,0,0,5,5,21.0
224,6,2,2,27,0,0,0,1,0,0,0,0,0,5,5,7.0
225,1,8,2,22,0,0,0,0,0,0,1,0,0,5,15,7.0
226,8,4,2,31,0,1,0,0,0,0,0,0,0,5,1,13.0
227,7,4,2,38,0,0,1,0,0,0,0,0,0,5,15,9.0
228,9,2,2,30,0,0,0,0,0,0,1,0,0,5,5,7.0
229,7,1,2,60,0,0,0,1,0,0,0,0,0,5,5,23.0
230,7,10,2,65,0,0,0,1,0,0,0,0,0,5,5,21.0
231,9,8,2,47,0,0,0,0,0,0,1,0,0,5,1,21.0
232,10,10,2,57,0,1,0,0,0,0,0,0,0,5,0,23.0
233,5,5,2,56,0,0,0,0,1,0,0,0,0,5,1,9.0
234,8,1,2,50,0,0,1,0,0,0,0,0,0,5,15,11.0
235,6,2,2,59,0,0,0,0,0,0,0,0,1,5,19,
236,8,10,2,63,0,0,0,0,0,0,1,0,0,5,19,21.0
237,7,1,2,61,0,0,0,0,0,0,1,0,0,5,18,9.0
238,10,10,2,57,0,1,0,0,0,0,0,0,0,5,5,8.0
239,6,2,2,30,0,0,0,0,0,1,0,0,0,5,5,23.0
240,8,2,3,41,0,0,0,0,0,0,0,0,1,5,5,
241,4,8,3,59,0,0,0,0,0,0,0,0,1,5,15,
242,5,6,3,58,0,0,0,1,0,0,0,0,0,5,5,21.0
243,6,1,3,49,0,0,0,0,0,0,0,1,0,5,5,
244,6,8,3,69,0,0,0,0,1,0,0,0,0,5,15,21.0
245,8,6,3,51,0,0,1,0,0,0,0,0,0,5,5,11.0
246,2,3,3,44,0,0,1,0,0,0,0,0,0,5,1,9.0
247,9,4,3,42,0,0,0,0,0,0,1,0,0,5,1,21.0
248,2,3,3,44,0,0,1,0,0,0,0,0,0,5,0,20.0
249,5,1,3,51,0,0,0,0,0,0,1,0,0,5,15,13.0
250,6,8,3,69,0,0,0,0,1,0,0,0,0,5,5,9.0
251,5,6,3,60,0,0,0,0,0,0,0,0,1,5,15,
252,8,2,3,22,0,0,0,0,0,0,0,0,1,5,15,
253,6,1,3,49,0,0,0,0,0,0,0,1,0,5,15,
254,8,2,3,55,0,0,0,0,0,0,0,0,1,5,15,
255,6,8,3,69,0,0,0,0,1,0,0,0,0,5,15,13.0
256,5,8,3,55,0,0,0,0,0,0,0,0,1,5,1,
257,11,2,3,33,0,0,0,0,0,0,1,0,0,5,1,19.0
258,5,6,3,58,0,0,0,1,0,0,0,0,0,5,1,7.0
259,3,2,3,48,0,0,0,0,0,0,1,0,0,5,15,19.0
260,4,1,4,45,0,0,0,0,0,0,0,0,1,5,15,
261,4,2,4,43,0,0,0,0,1,0,0,0,0,5,15,9.0
262,8,2,4,51,0,0,0,0,0,0,1,0,0,5,19,21.0
263,8,2,4,61,0,0,0,0,0,0,1,0,0,5,5,21.0
264,6,4,4,44,0,0,0,0,1,0,0,0,0,5,15,8.0
265,9,6,4,53,0,0,0,1,0,0,0,0,0,5,15,9.0
266,9,2,4,33,0,0,0,0,0,0,0,0,1,5,5,
267,6,1,4,67,0,0,0,0,1,0,0,0,0,5,1,11.0
268,9,2,4,33,0,0,0,0,0,0,0,0,1,5,19,
269,9,10,4,76,0,0,0,0,0,0,0,0,1,5,0,
270,11,4,4,44,0,0,0,0,0,0,0,0,1,5,1,
271,1,2,4,23,0,0,0,0,1,0,0,0,0,5,15,21.0
272,11,4,4,39,0,0,0,0,0,0,0,0,1,5,1,
273,10,2,4,49,0,0,0,0,0,0,0,1,0,5,15,
274,7,2,4,38,0,0,0,0,0,0,1,0,0,5,1,3.0
275,8,10,4,70,0,1,0,0,0,0,0,0,0,5,1,9.0
276,11,2,4,57,0,0,0,0,0,0,0,0,1,5,19,
277,5,2,4,30,0,0,0,0,0,0,0,1,0,5,15,
278,10,1,4,38,0,0,1,0,0,0,0,0,0,5,1,7.0
279,9,2,4,30,0,0,0,0,0,1,0,0,0,5,1,7.0
280,6,8,5,16,0,0,1,0,0,0,0,0,0,5,15,9.0
281,8,8,5,16,0,0,0,0,0,0,1,0,0,5,12,9.0
282,9,6,5,17,0,0,0,0,0,0,1,0,0,5,19,6.0
283,5,6,5,17,0,0,0,0,0,0,1,0,0,5,1,11.0
284,5,6,5,17,0,0,0,0,0,0,1,0,0,5,1,7.0
285,8,8,5,16,0,0,0,0,0,0,1,0,0,5,19,19.0
286,8,8,5,16,0,0,0,0,0,0,1,0,0,5,15,7.0
287,5,7,5,16,0,0,0,0,1,0,0,0,0,5,1,11.0
288,1,7,5,17,0,0,0,0,0,1,0,0,0,5,4,21.0
289,6,8,5,16,0,0,0,0,1,0,0,0,0,5,0,21.0
290,7,4,5,16,0,0,0,0,0,0,1,0,0,5,1,21.0
291,6,8,5,16,0,0,1,0,0,0,0,0,0,5,15,9.0
292,8,8,5,17,0,1,0,0,0,0,0,0,0,5,1,21.0
293,1,7,5,17,0,0,0,0,0,1,0,0,0,5,1,9.0
294,1,3,5,16,0,0,0,0,0,0,0,0,1,5,1,
295,7,4,5,16,0,0,0,0,1,0,0,0,0,5,15,9.0
296,7,4,5,16,0,0,0,0,0,0,1,0,0,5,19,13.0
297,7,4,5,16,0,0,0,0,0,0,1,0,0,5,1,11.0
298,7,4,5,17,0,0,0,0,0,0,0,0,1,5,1,
299,5,6,5,17,0,0,0,0,0,0,1,0,0,5,15,6.0
300,8,1,1,59,0,0,0,0,0,1,0,0,0,6,0,7.0
301,4,6,1,42,0,0,0,0,0,0,0,0,1,6,1,
302,6,10,2,60,0,0,0,0,0,0,0,0,1,6,5,
303,4,6,2,22,0,1,0,0,0,0,0,0,0,6,15,6.0
304,10,2,3,22,0,0,0,0,0,0,0,1,0,6,0,
305,10,2,3,37,0,0,1,0,0,0,0,0,0,6,19,11.0
306,6,6,4,54,0,0,0,0,0,1,0,0,0,6,18,13.0
307,7,2,4,26,0,0,0,0,0,0,1,0,0,6,5,7.0
308,8,6,5,16,0,1,0,0,0,0,0,0,0,6,14,3.0
309,4,8,5,17,0,0,0,0,0,0,0,0,1,6,1,
310,2,1,1,26,0,0,0,0,1,0,0,0,0,7,19,3.0
311,8,6,1,38,0,1,0,0,0,0,0,0,0,7,15,22.0
312,8,6,1,51,0,1,0,0,0,0,0,0,0,7,15,11.0
313,4,2,1,35,0,0,0,0,1,0,0,0,0,7,15,21.0
314,4,2,1,59,0,0,0,0,0,0,0,1,0,7,13,
315,10,2,1,30,0,0,0,0,0,0,0,0,1,7,15,
316,8,2,1,43,0,0,0,0,0,0,1,0,0,7,1,7.0
317,1,7,1,58,0,0,0,0,0,0,0,0,1,7,13,
318,7,6,1,50,0,0,0,0,0,0,1,0,0,7,1,7.0
319,3,1,1,56,0,0,0,1,0,0,0,0,0,7,13,9.0
320,7,1,2,39,0,0,0,0,0,0,0,0,1,7,1,
321,1,7,2,20,0,0,1,0,0,0,0,0,0,7,1,9.0
322,6,2,2,32,0,0,0,0,0,0,0,0,1,7,14,
323,6,2,2,40,0,0,0,0,0,0,0,0,1,7,4,
324,1,2,2,28,0,0,0,0,0,0,0,0,1,7,15,
325,7,4,2,38,0,0,1,0,0,0,0,0,0,7,5,21.0
326,6,2,2,32,0,0,0,0,0,0,0,0,1,7,1,
327,5,7,2,47,0,0,0,1,0,0,0,0,0,7,15,20.0
328,5,10,2,22,0,0,0,0,0,0,0,0,1,7,1,
329,6,1,2,60,0,0,0,0,0,0,1,0,0,7,15,10.0
330,8,10,3,32,0,0,0,0,0,0,0,0,1,7,18,
331,10,2,3,57,0,0,0,0,0,0,1,0,0,7,1,19.0
332,6,8,3,69,0,0,0,0,1,0,0,0,0,7,19,13.0
333,8,2,3,55,0,0,0,0,0,0,0,0,1,7,15,
334,6,2,3,63,0,0,0,0,0,0,0,0,1,7,1,
335,5,10,3,36,0,1,0,0,0,0,0,0,0,7,5,9.0
336,5,10,3,59,0,0,0,1,0,0,0,0,0,7,15,21.0
337,8,2,3,26,0,0,0,0,0,0,0,0,1,7,15,
338,5,8,3,55,0,0,0,0,0,0,0,0,1,7,1,
339,6,1,3,46,0,0,0,0,1,0,0,0,0,7,5,7.0
340,11,2,4,70,0,0,0,0,1,0,0,0,0,7,15,11.0
341,11,2,4,35,0,0,0,0,0,0,0,0,1,7,15,
342,7,1,4,30,0,0,0,0,0,0,1,0,0,7,15,9.0
343,4,1,4,64,0,0,1,0,0,0,0,0,0,7,15,9.0
344,7,2,4,35,0,1,0,0,0,0,0,0,0,7,5,23.0
345,7,2,4,30,0,0,0,0,0,0,0,0,1,7,19,
346,11,6,4,41,0,0,0,1,0,0,0,0,0,7,13,9.0
347,7,1,4,47,0,0,0,0,1,0,0,0,0,7,1,7.0
348,11,2,4,52,0,0,0,0,0,0,1,0,0,7,1,7.0
349,8,2,4,27,0,0,0,0,0,0,0,0,1,7,13,
350,5,6,5,17,0,0,0,0,0,0,0,0,1,7,18,
351,8,8,5,17,0,0,0,0,0,0,0,0,1,7,15,
352,4,8,5,17,0,0,0,0,0,0,0,0,1,7,15,
353,7,6,5,16,0,0,0,0,0,0,1,0,0,7,5,13.0
354,4,8,5,17,0,0,0,0,0,0,0,0,1,7,1,
355,6,8,5,16,0,0,0,0,1,0,0,0,0,7,5,7.0
356,7,4,5,16,0,0,0,0,0,0,1,0,0,7,1,9.0
357,1,7,5,17,0,0,0,0,0,1,0,0,0,7,5,7.0
358,3,6,5,16,0,0,0,0,0,0,0,0,1,7,5,
359,4,8,5,17,0,0,0,0,0,0,0,0,1,7,15,
360,11,2,1,23,0,1,0,0,0,0,0,0,0,12,15,13.0
361,7,4,1,61,1,0,0,0,0,0,0,0,0,12,5,
362,7,1,2,56,0,0,0,0,0,1,0,0,0,12,1,7.0
363,5,5,2,56,0,0,0,0,1,0,0,0,0,12,0,8.0
364,8,10,3,32,0,0,0,0,0,0,0,0,1,12,0,
365,5,1,3,51,0,0,0,0,0,0,1,0,0,12,13,20.0
366,5,1,4,24,0,0,0,0,0,0,0,0,1,12,15,
367,11,2,4,42,0,0,0,0,0,0,1,0,0,12,0,20.0
368,1,7,5,17,0,0,0,0,0,1,0,0,0,12,15,7.0
369,7,4,5,16,0,0,0,0,1,0,0,0,0,12,1,19.0
370,5,10,1,62,0,1,0,0,0,0,0,0,0,13,19,9.0
371,6,1,1,54,0,0,0,0,0,0,1,0,0,13,14,7.0
372,6,1,1,69,0,0,0,0,1,0,0,0,0,13,19,8.0
373,1,8,1,24,0,0,0,0,0,0,0,0,1,13,15,
374,9,8,1,21,0,0,0,0,1,0,0,0,0,13,1,9.0
375,3,2,1,42,0,0,0,0,0,1,0,0,0,13,1,8.0
376,8,8,1,41,0,0,0,0,0,0,0,0,1,13,15,
377,6,2,1,27,0,0,0,0,0,0,0,0,1,13,1,
378,8,10,1,52,0,0,0,0,0,0,0,0,1,13,19,
379,8,8,1,25,0,0,0,0,0,0,0,0,1,13,1,
380,10,2,2,68,0,0,0,0,0,0,1,0,0,13,1,6.0
381,6,1,2,36,0,0,0,0,0,0,0,0,1,13,1,
382,6,4,2,35,0,0,0,0,0,0,1,0,0,13,5,21.0
383,6,2,2,40,0,0,0,0,0,0,0,0,1,13,15,
384,6,2,2,27,0,0,0,1,0,0,0,0,0,13,5,11.0
385,5,10,2,62,0,0,0,0,0,0,0,0,1,13,5,
386,5,10,2,62,0,0,0,0,0,0,0,0,1,13,15,
387,7,2,2,37,0,0,0,0,0,0,1,0,0,13,15,21.0
388,9,6,2,53,0,0,0,0,0,0,0,0,1,13,1,
389,5,10,2,55,0,1,0,0,0,0,0,0,0,13,5,11.0
390,3,6,3,43,0,0,0,0,0,0,0,0,1,13,19,
391,4,2,3,62,0,1,0,0,0,0,0,0,0,13,1,21.0
392,10,2,3,37,0,0,1,0,0,0,0,0,0,13,15,8.0
393,9,8,3,60,0,0,0,0,1,0,0,0,0,13,15,9.0
394,2,10,3,58,0,0,0,0,0,0,1,0,0,13,19,9.0
395,3,10,3,38,0,0,0,0,0,0,1,0,0,13,14,7.0
396,10,2,3,50,0,0,0,0,0,0,0,0,1,13,1,
397,1,1,3,25,0,0,0,1,0,0,0,0,0,13,1,9.0
398,6,6,3,39,0,0,0,0,0,0,1,0,0,13,19,11.0
399,6,6,3,44,0,0,1,0,0,0,0,0,0,13,15,21.0
400,9,2,4,33,0,0,0,0,0,0,0,0,1,13,15,
401,6,1,4,27,0,0,1,0,0,0,0,0,0,13,15,21.0
402,11,2,4,35,0,0,0,0,0,0,0,0,1,13,1,
403,10,2,4,69,0,0,0,0,0,0,1,0,0,13,1,11.0
404,11,2,4,42,0,0,0,0,0,0,1,0,0,13,1,8.0
405,10,1,4,34,0,0,0,0,0,1,0,0,0,13,15,22.0
406,10,1,4,29,0,0,0,1,0,0,0,0,0,13,1,18.0
407,8,6,4,57,0,0,0,0,0,0,0,0,1,13,1,
408,11,10,4,78,0,1,0,0,0,0,0,0,0,13,18,21.0
409,6,2,4,61,0,0,0,0,0,0,1,0,0,13,0,9.0
410,7,4,5,17,0,0,0,0,0,0,0,0,1,13,19,
411,5,7,5,16,0,0,0,0,1,0,0,0,0,13,5,8.0
412,3,6,5,16,0,0,0,0,0,0,0,0,1,13,19,
413,5,7,5,16,0,0,0,0,1,0,0,0,0,13,19,13.0
414,5,6,5,17,0,0,0,0,0,0,0,0,1,13,15,
415,9,6,5,17,0,0,0,0,0,0,1,0,0,13,15,21.0
416,6,8,5,16,0,0,1,0,0,0,0,0,0,13,15,9.0
417,8,8,5,17,0,0,0,0,0,0,0,0,1,13,0,
418,7,6,5,16,0,0,0,0,0,0,1,0,0,13,1,21.0
419,7,4,5,16,0,0,0,0,1,0,0,0,0,13,15,21.0
420,3,6,1,57,0,0,0,0,1,0,0,0,0,16,19,21.0
421,5,6,1,42,0,0,0,0,0,0,1,0,0,16,1,7.0
422,4,1,1,64,0,0,0,0,1,0,0,0,0,16,15,7.0
423,8,1,1,71,0,1,0,0,0,0,0,0,0,16,1,22.0
424,2,2,1,22,0,0,0,0,0,0,0,0,1,16,15,
425,5,1,1,60,0,0,0,0,0,0,1,0,0,16,15,13.0
426,2,5,1,44,0,0,0,0,0,0,0,1,0,16,14,
427,7,6,1,44,0,0,0,0,1,0,0,0,0,16,15,22.0
428,8,2,1,43,0,0,0,0,0,0,1,0,0,16,14,11.0
429,6,1,1,29,0,0,1,0,0,0,0,0,0,16,0,9.0
430,6,1,1,28,0,0,1,0,0,0,0,0,0,16,15,9.0
431,9,2,1,56,0,0,0,0,0,0,1,0,0,16,15,7.0
432,8,2,1,43,0,0,0,0,0,0,1,0,0,16,12,3.0
433,6,1,1,46,0,0,0,0,0,1,0,0,0,16,15,13.0
434,9,8,1,21,0,0,0,0,1,0,0,0,0,16,1,21.0
435,5,4,1,21,0,0,0,0,1,0,0,0,0,16,1,6.0
436,1,2,1,65,0,1,0,0,0,0,0,0,0,16,15,7.0
437,2,2,1,25,0,0,0,0,0,0,0,0,1,16,13,
438,8,6,1,59,0,1,0,0,0,0,0,0,0,16,1,22.0
439,9,4,1,44,0,0,0,1,0,0,0,0,0,16,1,21.0
440,3,2,1,62,0,0,1,0,0,0,0,0,0,16,15,9.0
441,11,1,1,32,0,0,0,0,0,1,0,0,0,16,5,9.0
442,8,2,1,43,0,0,0,0,0,0,1,0,0,16,19,9.0
443,7,4,1,33,0,0,0,0,0,0,1,0,0,16,0,22.0
444,11,2,1,63,0,0,0,0,0,1,0,0,0,16,1,9.0
445,6,5,1,18,0,0,0,0,0,0,1,0,0,16,1,19.0
446,4,6,1,38,0,0,0,0,0,0,0,0,1,16,15,
447,1,2,1,45,1,0,0,0,0,0,0,0,0,16,15,
448,10,2,1,26,0,0,1,0,0,0,0,0,0,16,1,11.0
449,5,6,1,42,0,0,0,0,0,0,1,0,0,16,13,11.0
450,4,6,1,58,0,1,0,0,0,0,0,0,0,16,15,7.0
451,4,6,1,18,0,0,0,0,0,0,0,0,1,16,15,
452,1,10,1,71,0,0,0,1,0,0,0,0,0,16,15,11.0
453,3,4,1,29,0,0,0,0,0,0,0,0,1,16,14,
454,3,2,1,27,0,0,0,0,1,0,0,0,0,16,13,21.0
455,8,2,1,63,0,0,0,0,1,0,0,0,0,16,14,7.0
456,3,6,1,43,0,0,0,0,0,0,0,0,1,16,19,
457,1,7,1,19,0,0,0,0,0,0,0,0,1,16,1,
458,4,2,1,39,0,0,0,0,0,0,0,0,1,16,0,
459,8,1,1,59,0,0,0,0,0,1,0,0,0,16,5,22.0
460,6,1,2,92,0,0,0,0,0,0,1,0,0,16,15,21.0
461,10,2,2,68,0,0,0,0,0,0,1,0,0,16,1,13.0
462,8,8,2,43,0,0,0,0,0,0,1,0,0,16,19,22.0
463,3,1,2,54,0,1,0,0,0,0,0,0,0,16,15,21.0
464,8,8,2,43,0,0,0,0,0,0,1,0,0,16,1,11.0
465,1,7,2,20,0,0,1,0,0,0,0,0,0,16,1,11.0
466,7,4,2,28,0,0,0,1,0,0,0,0,0,16,0,21.0
467,8,8,2,37,0,0,0,0,0,0,1,0,0,16,1,11.0
468,7,2,2,24,0,0,0,0,0,0,0,0,1,16,15,
469,4,1,2,54,0,0,0,0,0,0,1,0,0,16,5,11.0
470,10,6,2,49,0,0,0,1,0,0,0,0,0,16,1,21.0
471,6,2,2,40,0,0,0,0,0,0,0,0,1,16,1,
472,11,2,2,59,0,0,0,1,0,0,0,0,0,16,15,21.0
473,5,7,2,47,0,0,0,1,0,0,0,0,0,16,1,11.0
474,5,1,2,51,0,0,0,0,0,0,1,0,0,16,0,23.0
475,4,6,2,21,0,0,0,0,0,0,0,0,1,16,19,
476,10,6,2,42,0,0,0,0,0,0,0,0,1,16,19,
477,11,2,2,59,0,0,0,1,0,0,0,0,0,16,19,7.0
478,8,4,2,30,0,1,0,0,0,0,0,0,0,16,5,13.0
479,6,4,2,35,0,0,0,0,0,0,1,0,0,16,15,8.0
480,7,10,2,65,0,0,0,1,0,0,0,0,0,16,19,13.0
481,1,1,2,62,0,0,0,0,1,0,0,0,0,16,15,13.0
482,5,3,2,35,0,0,1,0,0,0,0,0,0,16,1,22.0
483,4,6,2,21,0,0,0,0,0,0,0,0,1,16,5,
484,4,1,2,65,0,0,0,0,0,0,1,0,0,16,4,21.0
485,9,10,2,59,0,0,0,0,0,1,0,0,0,16,14,9.0
486,11,2,2,59,0,0,0,1,0,0,0,0,0,16,1,10.0
487,6,3,2,37,0,0,0,0,1,0,0,0,0,16,19,11.0
488,5,1,2,57,0,0,0,0,0,0,1,0,0,16,13,9.0
489,1,1,2,62,0,0,0,0,1,0,0,0,0,16,15,11.0
490,6,2,2,27,0,0,0,1,0,0,0,0,0,16,5,11.0
491,10,2,2,68,0,0,0,0,0,0,1,0,0,16,15,19.0
492,1,8,2,22,0,0,0,0,0,0,1,0,0,16,5,7.0
493,3,1,2,44,0,0,0,0,0,0,1,0,0,16,19,3.0
494,6,2,2,55,0,0,0,0,0,0,0,0,1,16,19,
495,6,10,2,72,0,0,0,0,0,0,1,0,0,16,4,21.0
496,7,2,2,49,0,0,0,0,1,0,0,0,0,16,1,7.0
497,5,10,2,33,0,0,0,0,0,0,0,0,1,16,13,
498,1,2,2,28,0,0,0,0,0,0,0,0,1,16,4,
499,5,7,2,47,0,0,0,1,0,0,0,0,0,16,19,11.0
500,5,1,3,51,0,0,0,0,0,0,1,0,0,16,5,9.0
501,4,8,3,59,0,0,0,0,0,0,0,0,1,16,1,
502,9,8,3,60,0,0,0,0,1,0,0,0,0,16,15,9.0
503,8,10,3,50,0,0,0,0,0,0,1,0,0,16,19,8.0
504,7,4,3,41,0,0,0,0,1,0,0,0,0,16,5,11.0
505,8,10,3,32,0,0,0,0,0,0,0,0,1,16,19,
506,6,2,3,51,0,0,0,0,1,0,0,0,0,16,1,11.0
507,8,8,3,27,0,1,0,0,0,0,0,0,0,16,1,9.0
508,5,1,3,51,0,0,0,0,0,0,1,0,0,16,1,21.0
509,10,2,3,57,0,0,0,0,0,0,1,0,0,16,18,23.0
510,9,4,3,39,0,0,0,0,0,0,1,0,0,16,5,22.0
511,2,3,3,44,0,0,1,0,0,0,0,0,0,16,1,9.0
512,7,4,3,50,0,0,0,0,0,0,0,0,1,16,5,
513,8,6,3,51,0,0,1,0,0,0,0,0,0,16,1,9.0
514,5,6,3,58,0,0,0,1,0,0,0,0,0,16,15,9.0
515,6,2,3,51,0,0,0,0,1,0,0,0,0,16,0,21.0
516,8,8,3,19,0,0,0,0,0,0,0,0,1,16,5,
517,6,4,3,43,0,0,1,0,0,0,0,0,0,16,4,9.0
518,10,2,3,37,0,0,1,0,0,0,0,0,0,16,1,13.0
519,2,10,3,58,0,0,0,0,0,0,1,0,0,16,14,11.0
520,5,1,3,51,0,0,0,0,0,0,1,0,0,16,0,10.0
521,9,4,3,39,0,0,0,0,0,0,1,0,0,16,19,3.0
522,8,2,3,22,0,0,0,0,0,0,0,0,1,16,15,
523,6,8,3,69,0,0,0,0,1,0,0,0,0,16,5,3.0
524,7,2,3,34,0,0,0,0,0,0,0,0,1,16,13,
525,5,6,3,58,0,0,0,1,0,0,0,0,0,16,1,9.0
526,6,10,3,65,0,0,0,0,0,0,1,0,0,16,0,9.0
527,11,4,3,39,0,0,0,0,0,0,0,0,1,16,5,
528,3,2,3,48,0,0,0,0,0,0,1,0,0,16,19,9.0
529,8,2,3,22,0,0,0,0,0,0,0,0,1,16,5,
530,3,1,3,67,0,0,0,0,0,0,0,1,0,16,15,
531,11,2,3,53,0,0,0,0,0,0,0,0,1,16,1,
532,5,6,3,60,0,0,0,0,0,0,0,0,1,16,5,
533,6,6,3,48,0,0,0,1,0,0,0,0,0,16,1,11.0
534,10,2,3,57,0,0,0,0,0,0,1,0,0,16,0,9.0
535,9,4,3,39,0,0,0,0,0,0,1,0,0,16,1,11.0
536,10,10,3,56,0,0,0,0,0,0,0,1,0,16,5,
537,6,6,3,39,0,0,0,0,0,0,1,0,0,16,5,3.0
538,4,2,3,62,0,1,0,0,0,0,0,0,0,16,15,12.0
539,4,8,3,59,0,0,0,0,0,0,0,0,1,16,4,
540,6,8,4,53,0,0,0,0,0,0,0,0,1,16,15,
541,6,2,4,28,0,0,0,0,0,0,0,0,1,16,4,
542,8,2,4,37,0,1,0,0,0,0,0,0,0,16,19,6.0
543,4,1,4,45,0,0,0,0,0,0,0,0,1,16,1,
544,9,2,4,53,0,0,0,0,0,0,0,0,1,16,0,
545,11,4,4,41,0,0,0,0,0,0,1,0,0,16,5,13.0
546,11,2,4,58,0,0,0,0,0,0,0,0,1,16,1,
547,10,2,4,50,0,0,0,0,0,0,0,0,1,16,19,
548,5,2,4,35,0,0,0,0,0,0,1,0,0,16,1,9.0
549,11,10,4,60,0,0,0,0,0,0,0,0,1,16,5,
550,3,2,4,28,0,1,0,0,0,0,0,0,0,16,1,11.0
551,9,4,4,45,0,0,0,0,0,0,0,0,1,16,15,
552,10,2,4,32,0,0,0,0,0,0,0,0,1,16,1,
553,10,1,4,34,0,0,0,0,0,1,0,0,0,16,19,19.0
554,10,2,4,37,0,0,0,0,0,0,1,0,0,16,13,21.0
555,5,2,4,29,0,0,0,0,0,0,0,1,0,16,14,
556,10,2,4,58,0,0,0,0,1,0,0,0,0,16,15,8.0
557,7,3,4,35,0,1,0,0,0,0,0,0,0,16,15,13.0
558,10,2,4,37,0,0,0,0,0,0,1,0,0,16,13,7.0
559,10,4,4,38,0,0,0,0,0,0,0,0,1,16,1,
560,11,2,4,64,0,0,0,0,0,0,0,0,1,16,19,
561,10,2,4,61,0,0,0,0,0,0,0,0,1,16,19,
562,7,1,4,26,0,0,0,0,0,0,0,0,1,16,1,
563,4,1,4,45,0,0,0,0,0,0,0,0,1,16,1,
564,4,2,4,26,0,0,0,0,0,0,0,0,1,16,0,
565,7,2,4,26,0,0,0,0,0,0,1,0,0,16,1,21.0
566,8,2,4,31,0,0,0,0,0,0,0,0,1,16,15,
567,6,2,4,61,0,0,0,0,0,0,1,0,0,16,1,21.0
568,7,1,4,44,0,0,0,0,0,0,0,0,1,16,14,
569,6,8,4,52,0,0,0,0,0,0,0,0,1,16,19,
570,10,2,4,61,0,0,0,0,0,0,0,0,1,16,12,
571,10,2,4,38,1,0,0,0,0,0,0,0,0,16,15,
572,10,2,4,37,0,0,0,0,0,0,0,0,1,16,19,
573,10,10,4,65,0,0,0,0,0,0,1,0,0,16,15,9.0
574,5,6,4,61,0,0,0,0,0,0,1,0,0,16,18,23.0
575,11,10,4,25,0,0,0,1,0,0,0,0,0,16,15,11.0
576,9,2,4,33,0,0,0,1,0,0,0,0,0,16,1,19.0
577,6,4,4,44,0,0,0,0,1,0,0,0,0,16,18,21.0
578,9,8,4,27,0,0,0,0,1,0,0,0,0,16,18,7.0
579,1,2,4,23,0,0,0,0,1,0,0,0,0,16,1,11.0
580,1,5,5,17,0,0,0,0,0,0,0,0,1,16,15,
581,8,8,5,16,0,0,0,0,0,0,1,0,0,16,5,3.0
582,7,8,5,16,0,0,0,0,0,0,0,0,1,16,15,
583,6,8,5,16,0,0,0,0,1,0,0,0,0,16,1,19.0
584,7,6,5,16,0,0,0,0,0,0,1,0,0,16,13,7.0
585,1,3,5,16,0,0,0,0,0,0,0,0,1,16,5,
586,7,6,5,16,0,0,0,0,0,0,1,0,0,16,15,22.0
587,5,6,5,17,0,0,0,0,0,0,1,0,0,16,1,7.0
588,10,8,5,17,0,0,0,0,0,0,0,0,1,16,5,
589,7,4,5,16,0,0,0,0,1,0,0,0,0,16,15,9.0
590,7,4,5,17,0,0,0,0,0,0,0,0,1,16,4,
591,5,6,5,17,0,0,0,0,0,0,1,0,0,16,15,9.0
592,9,6,5,17,0,0,0,0,0,0,1,0,0,16,1,21.0
593,3,6,5,16,0,0,0,0,0,0,0,0,1,16,15,
594,1,5,5,17,0,0,0,0,0,0,0,0,1,16,15,
595,8,8,5,17,0,0,0,0,0,0,0,0,1,16,1,
596,8,8,5,17,0,1,0,0,0,0,0,0,0,16,19,11.0
597,6,8,5,16,0,0,1,0,0,0,0,0,0,16,1,7.0
598,9,6,5,17,0,0,0,0,0,0,1,0,0,16,5,11.0
599,8,6,5,16,0,1,0,0,0,0,0,0,0,16,15,22.0
600,1,5,5,17,0,0,0,0,0,0,0,0,1,16,15,
601,7,8,5,16,0,0,0,0,0,0,0,0,1,16,18,
602,10,8,5,17,0,0,0,0,0,0,0,0,1,16,13,
603,7,6,5,17,0,0,0,1,0,0,0,0,0,16,15,9.0
604,3,6,5,16,0,0,0,0,0,0,0,0,1,16,1,
605,1,5,5,17,0,0,0,0,0,0,0,0,1,16,15,
606,5,6,5,17,0,0,0,0,0,0,0,0,1,16,18,
607,1,3,5,16,0,0,0,0,0,0,0,0,1,16,5,
608,4,8,5,17,0,0,0,0,0,0,0,0,1,16,19,
609,1,6,5,17,0,0,0,0,0,0,1,0,0,16,19,11.0
610,8,8,5,16,0,0,0,0,0,0,1,0,0,16,5,13.0
611,1,5,5,17,0,0,0,0,0,0,0,0,1,16,0,
612,8,6,5,16,0,1,0,0,0,0,0,0,0,16,5,11.0
613,5,6,5,17,0,0,0,0,0,0,1,0,0,16,4,3.0
614,6,8,5,16,0,0,0,0,1,0,0,0,0,16,19,7.0
615,5,6,5,17,0,0,0,0,0,0,0,0,1,16,1,
616,7,6,5,16,0,0,0,0,0,0,1,0,0,16,5,11.0
617,4,8,5,17,0,0,0,0,0,0,0,0,1,16,15,
618,5,6,5,17,0,0,0,0,0,0,1,0,0,16,5,6.0
619,7,4,5,17,0,0,0,0,0,0,0,0,1,16,15,
620,11,2,1,24,0,0,0,0,0,0,0,0,1,17,15,
621,3,6,1,35,0,0,1,0,0,0,0,0,0,17,1,8.0
622,9,2,1,37,0,0,0,0,0,0,1,0,0,17,1,11.0
623,10,2,1,29,0,0,0,0,0,0,0,1,0,17,5,
624,11,2,1,41,0,0,0,0,0,0,0,0,1,17,13,
625,3,1,1,74,0,0,1,0,0,0,0,0,0,17,5,6.0
626,9,4,1,44,0,0,0,1,0,0,0,0,0,17,15,12.0
627,7,2,1,28,0,0,0,0,0,1,0,0,0,17,13,13.0
628,3,2,1,22,0,0,1,0,0,0,0,0,0,17,5,7.0
629,6,2,1,27,0,0,0,0,0,1,0,0,0,17,1,11.0
630,8,1,1,59,0,0,0,0,0,1,0,0,0,17,15,12.0
631,11,2,1,22,0,0,0,0,0,0,0,0,1,17,1,
632,6,2,1,30,0,0,0,0,0,0,1,0,0,17,15,7.0
633,2,4,1,43,0,0,0,0,0,0,0,0,1,17,1,
634,3,2,1,27,0,0,0,0,1,0,0,0,0,17,15,3.0
635,6,1,1,28,0,0,1,0,0,0,0,0,0,17,19,11.0
636,6,1,1,69,0,1,0,0,0,0,0,0,0,17,1,7.0
637,3,4,1,29,0,0,0,0,0,0,0,0,1,17,15,
638,5,2,1,69,0,0,1,0,0,0,0,0,0,17,5,20.0
639,11,2,1,24,0,0,0,0,0,0,0,0,1,17,1,
640,2,2,1,21,0,0,0,0,0,0,0,0,1,17,15,
641,3,8,1,20,0,0,0,0,0,1,0,0,0,17,19,11.0
642,1,2,1,56,0,0,0,0,0,0,1,0,0,17,1,9.0
643,9,2,1,56,0,0,0,0,0,0,1,0,0,17,15,3.0
644,2,2,1,21,0,0,0,0,0,0,0,0,1,17,0,
645,4,6,1,50,0,0,0,0,0,0,0,0,1,17,15,
646,4,4,1,20,0,0,0,0,0,0,0,0,1,17,15,
647,11,2,1,30,0,0,0,0,1,0,0,0,0,17,1,7.0
648,4,2,1,28,0,0,0,0,0,0,0,0,1,17,15,
649,7,4,1,61,1,0,0,0,0,0,0,0,0,17,15,
650,3,1,1,70,0,1,0,0,0,0,0,0,0,17,1,21.0
651,8,6,1,51,0,1,0,0,0,0,0,0,0,17,1,19.0
652,7,10,1,45,0,1,0,0,0,0,0,0,0,17,5,11.0
653,6,2,1,63,0,0,0,0,1,0,0,0,0,17,1,19.0
654,9,6,1,37,0,0,0,0,0,0,0,0,1,17,15,
655,8,1,1,71,0,1,0,0,0,0,0,0,0,17,1,3.0
656,9,2,1,33,0,0,0,0,0,0,0,0,1,17,4,
657,7,10,1,35,0,0,0,0,0,0,0,0,1,17,19,
658,8,2,1,23,0,0,0,0,1,0,0,0,0,17,15,11.0
659,4,6,1,38,0,0,0,0,0,0,0,0,1,17,1,
660,5,10,2,22,0,0,0,0,0,0,0,0,1,17,1,
661,3,1,2,44,0,0,0,0,0,0,1,0,0,17,0,7.0
662,7,6,2,22,0,0,0,0,0,0,0,1,0,17,1,
663,4,6,2,22,0,1,0,0,0,0,0,0,0,17,13,20.0
664,5,3,2,35,0,0,1,0,0,0,0,0,0,17,1,9.0
665,8,8,2,45,0,0,0,0,0,0,0,0,1,17,19,
666,6,1,2,62,0,0,0,0,0,0,1,0,0,17,15,21.0
667,7,1,2,56,0,0,0,0,0,1,0,0,0,17,14,7.0
668,4,1,2,65,0,0,0,0,0,0,1,0,0,17,15,8.0
669,8,8,2,45,0,0,0,0,0,0,1,0,0,17,0,11.0
670,11,2,2,55,0,0,0,0,0,0,1,0,0,17,15,13.0
671,7,10,2,65,0,0,0,1,0,0,0,0,0,17,1,19.0
672,5,6,2,20,0,0,0,0,0,0,1,0,0,17,15,21.0
673,6,2,2,30,0,0,0,0,0,1,0,0,0,17,5,11.0
674,9,8,2,22,0,0,0,0,0,0,0,0,1,17,1,
675,9,10,2,67,0,0,0,0,0,0,0,0,1,17,15,
676,5,1,2,57,0,0,0,0,0,0,1,0,0,17,15,11.0
677,8,1,2,50,0,0,1,0,0,0,0,0,0,17,1,21.0
678,6,2,2,27,0,0,0,1,0,0,0,0,0,17,19,11.0
679,10,6,2,42,0,0,0,0,0,0,0,0,1,17,15,
680,7,2,2,37,0,0,0,0,0,0,1,0,0,17,0,21.0
681,10,2,2,58,0,0,0,0,0,0,0,0,1,17,0,
682,8,8,2,43,0,0,0,0,0,0,1,0,0,17,15,9.0
683,7,2,2,24,0,0,0,0,0,0,0,0,1,17,0,
684,1,2,2,28,0,0,0,0,0,0,0,0,1,17,12,
685,5,10,2,55,0,1,0,0,0,0,0,0,0,17,5,11.0
686,7,4,2,38,0,0,1,0,0,0,0,0,0,17,14,11.0
687,7,2,2,49,0,0,0,0,1,0,0,0,0,17,1,13.0
688,7,1,2,60,0,0,0,1,0,0,0,0,0,17,15,3.0
689,5,1,2,57,0,0,0,0,0,0,1,0,0,17,1,23.0
690,5,10,2,33,0,0,0,0,0,0,1,0,0,17,5,9.0
691,8,8,2,37,0,0,0,0,0,0,1,0,0,17,19,7.0
692,6,1,2,36,0,0,0,0,0,0,0,0,1,17,15,
693,7,2,2,62,0,0,0,0,0,0,0,0,1,17,13,
694,6,2,2,27,0,0,0,1,0,0,0,0,0,17,4,13.0
695,10,6,2,42,0,0,0,0,0,0,0,0,1,17,1,
696,7,1,2,65,0,0,0,0,0,0,1,0,0,17,1,9.0
697,4,10,2,50,0,0,0,0,0,0,0,0,1,17,0,
698,5,7,2,47,0,0,0,1,0,0,0,0,0,17,15,9.0
699,6,8,2,19,0,1,0,0,0,0,0,0,0,17,14,11.0
700,2,3,3,44,0,0,1,0,0,0,0,0,0,17,15,23.0
701,8,8,3,27,0,1,0,0,0,0,0,0,0,17,1,21.0
702,6,6,3,55,0,0,0,0,0,0,1,0,0,17,1,13.0
703,6,1,3,49,0,0,0,0,0,0,0,1,0,17,5,
704,6,6,3,44,0,0,1,0,0,0,0,0,0,17,15,11.0
705,8,2,3,59,0,0,0,0,0,0,0,0,1,17,15,
706,5,1,3,51,0,0,0,0,0,0,1,0,0,17,15,21.0
707,8,6,3,51,0,0,1,0,0,0,0,0,0,17,5,9.0
708,5,6,3,58,0,0,0,1,0,0,0,0,0,17,15,7.0
709,4,8,3,59,0,0,0,0,0,0,0,0,1,17,1,
710,9,10,3,67,0,0,0,0,0,0,1,0,0,17,5,23.0
711,8,8,3,19,0,0,0,0,0,0,0,0,1,17,15,
712,6,10,3,65,0,0,0,0,0,0,1,0,0,17,0,3.0
713,6,6,3,48,0,0,0,1,0,0,0,0,0,17,5,11.0
714,10,2,3,50,0,0,0,0,0,0,0,0,1,17,19,
715,6,1,3,46,0,0,0,0,1,0,0,0,0,17,19,21.0
716,6,6,3,39,0,0,0,0,0,0,1,0,0,17,5,13.0
717,6,6,3,57,0,0,0,0,0,0,0,0,1,17,15,
718,7,2,3,34,0,0,0,0,0,0,0,0,1,17,1,
719,6,6,3,55,0,0,0,0,0,0,1,0,0,17,15,21.0
720,3,1,3,67,0,0,0,0,0,0,0,1,0,17,15,
721,6,1,3,49,0,0,0,0,0,0,0,1,0,17,15,
722,6,2,3,51,0,0,0,0,1,0,0,0,0,17,18,21.0
723,7,4,3,41,0,0,0,0,1,0,0,0,0,17,1,22.0
724,2,3,3,44,0,0,1,0,0,0,0,0,0,17,15,6.0
725,6,1,3,49,0,0,0,0,0,0,0,1,0,17,19,
726,4,8,3,59,0,0,0,0,0,0,0,0,1,17,1,
727,6,6,3,55,0,0,0,0,0,0,1,0,0,17,5,7.0
728,5,1,3,51,0,0,0,0,0,0,1,0,0,17,1,19.0
729,8,1,3,42,0,0,0,1,0,0,0,0,0,17,15,10.0
730,11,2,3,53,0,0,0,0,0,0,0,0,1,17,15,
731,5,1,3,51,0,0,0,0,0,0,1,0,0,17,5,21.0
732,3,1,3,67,0,0,0,0,0,0,0,1,0,17,1,
733,6,1,3,49,0,0,0,0,0,0,0,0,1,17,13,
734,8,8,3,51,0,0,0,0,0,0,0,1,0,17,5,
735,8,1,3,53,0,0,0,0,0,0,0,0,1,17,1,
736,1,2,3,70,0,0,0,0,1,0,0,0,0,17,15,20.0
737,5,6,3,58,0,0,0,1,0,0,0,0,0,17,14,11.0
738,8,1,3,53,0,0,0,0,0,0,0,0,1,17,1,
739,8,2,3,55,0,0,0,0,0,0,0,0,1,17,15,
740,6,6,4,31,0,0,0,0,0,0,0,0,1,17,18,
741,8,1,4,44,0,1,0,0,0,0,0,0,0,17,19,22.0
742,8,6,4,44,0,0,0,0,0,0,0,0,1,17,19,
743,9,2,4,31,0,0,0,0,0,0,0,0,1,17,1,
744,7,1,4,23,0,0,0,0,0,0,0,0,1,17,15,
745,8,2,4,53,0,0,0,1,0,0,0,0,0,17,1,9.0
746,11,2,4,60,0,0,0,0,0,0,0,0,1,17,15,
747,5,2,4,29,0,0,0,1,0,0,0,0,0,17,1,9.0
748,10,2,4,61,0,0,0,0,0,1,0,0,0,17,0,7.0
749,4,1,4,30,0,0,0,0,0,0,0,0,1,17,19,
750,8,2,4,23,0,0,0,1,0,0,0,0,0,17,15,21.0
751,9,6,4,42,0,0,0,0,0,0,0,0,1,17,15,
752,11,2,4,61,0,0,0,0,0,0,0,0,1,17,0,
753,7,2,4,30,0,0,0,0,0,0,0,0,1,17,14,
754,11,1,4,48,0,0,0,0,0,0,1,0,0,17,15,18.0
755,11,2,4,35,0,0,0,0,0,0,0,0,1,17,15,
756,5,2,4,30,0,0,0,0,0,0,0,1,0,17,15,
757,6,1,4,32,0,0,0,0,0,0,0,0,1,17,1,
758,7,10,4,54,0,0,0,0,1,0,0,0,0,17,1,11.0
759,7,2,4,25,0,0,0,0,0,0,1,0,0,17,19,21.0
760,11,10,4,25,0,0,0,1,0,0,0,0,0,17,19,11.0
761,10,1,4,28,0,1,0,0,0,0,0,0,0,17,1,13.0
762,4,1,4,36,0,0,0,0,0,0,0,0,1,17,13,
763,11,2,4,30,0,0,0,0,0,0,1,0,0,17,5,20.0
764,7,2,4,26,0,0,0,0,0,0,1,0,0,17,5,13.0
765,11,2,4,35,0,0,0,0,0,0,0,0,1,17,13,
766,10,4,4,31,0,0,0,0,0,0,0,0,1,17,1,
767,11,1,4,78,0,0,0,0,0,0,0,0,1,17,14,
768,5,4,4,25,0,0,1,0,0,0,0,0,0,17,12,7.0
769,10,6,4,45,0,0,1,0,0,0,0,0,0,17,1,11.0
770,6,9,4,80,0,1,0,0,0,0,0,0,0,17,15,21.0
771,4,1,4,36,0,0,0,0,0,0,0,0,1,17,19,
772,8,2,4,63,0,0,0,0,0,0,0,0,1,17,0,
773,9,2,4,33,0,0,0,1,0,0,0,0,0,17,1,3.0
774,8,2,4,54,0,0,1,0,0,0,0,0,0,17,18,9.0
775,10,1,4,27,0,1,0,0,0,0,0,0,0,17,1,21.0
776,8,2,4,23,0,0,0,1,0,0,0,0,0,17,19,13.0
777,7,1,4,57,0,0,0,0,0,0,0,0,1,17,0,
778,8,2,4,57,0,0,0,0,0,0,0,1,0,17,1,
779,7,1,4,35,0,0,0,0,0,0,1,0,0,17,15,13.0
780,9,6,5,17,0,0,0,0,0,0,1,0,0,17,19,19.0
781,1,3,5,16,0,0,0,0,0,0,0,0,1,17,13,
782,8,6,5,16,0,1,0,0,0,0,0,0,0,17,5,9.0
783,1,5,5,17,0,0,0,0,0,0,0,0,1,17,15,
784,1,5,5,17,0,0,0,0,0,0,0,0,1,17,15,
785,5,7,5,16,0,0,0,0,1,0,0,0,0,17,18,7.0
786,7,4,5,17,0,0,0,0,0,0,0,0,1,17,5,
787,7,4,5,16,0,0,0,0,0,0,1,0,0,17,5,10.0
788,7,6,5,16,0,0,0,0,0,0,1,0,0,17,5,10.0
789,7,6,5,17,0,0,0,1,0,0,0,0,0,17,0,22.0
790,6,8,5,16,0,0,1,0,0,0,0,0,0,17,15,9.0
791,9,6,5,17,0,0,0,0,0,0,1,0,0,17,15,7.0
792,10,8,5,17,0,0,0,0,0,0,0,0,1,17,19,
793,7,6,5,16,0,0,0,0,0,0,1,0,0,17,1,13.0
794,7,4,5,16,0,0,0,0,0,0,1,0,0,17,1,11.0
795,7,4,5,16,0,0,0,0,1,0,0,0,0,17,0,22.0
796,8,8,5,16,0,0,0,0,0,0,1,0,0,17,4,10.0
797,7,4,5,16,0,0,0,0,0,0,1,0,0,17,12,21.0
798,6,8,5,16,0,0,0,0,1,0,0,0,0,17,5,21.0
799,9,6,5,17,0,0,0,0,0,0,1,0,0,17,4,7.0
800,6,8,5,16,0,0,1,0,0,0,0,0,0,17,19,9.0
801,7,8,5,16,0,0,0,0,0,0,0,0,1,17,19,
802,7,6,5,17,0,0,0,1,0,0,0,0,0,17,1,10.0
803,7,4,5,16,0,0,0,0,1,0,0,0,0,17,1,7.0
804,4,8,5,17,0,0,0,0,0,0,0,0,1,17,1,
805,7,6,5,17,0,0,0,1,0,0,0,0,0,17,12,20.0
806,6,8,5,16,0,0,1,0,0,0,0,0,0,17,19,9.0
807,1,5,5,17,0,0,0,0,0,0,0,0,1,17,19,
808,6,8,5,16,0,0,0,0,1,0,0,0,0,17,15,11.0
809,6,8,5,16,0,0,0,0,1,0,0,0,0,17,13,11.0
810,7,4,5,17,0,0,0,0,0,0,0,0,1,17,5,
811,8,6,5,16,0,1,0,0,0,0,0,0,0,17,15,8.0
812,1,7,5,17,0,0,0,0,0,1,0,0,0,17,1,21.0
813,3,6,5,16,0,0,0,0,0,0,0,0,1,17,15,
814,7,6,5,16,0,0,0,0,0,0,1,0,0,17,15,9.0
815,7,4,5,17,0,0,0,0,0,0,0,0,1,17,15,
816,1,5,5,17,0,0,0,0,0,0,0,0,1,17,19,
817,7,4,5,17,0,0,0,0,0,0,0,0,1,17,15,
818,7,6,5,16,0,0,0,0,0,0,1,0,0,17,15,7.0
819,6,8,5,16,0,0,0,0,1,0,0,0,0,17,1,9.0
820,7,10,1,35,0,0,0,0,0,0,0,0,1,18,13,
821,6,6,1,18,0,0,0,0,1,0,0,0,0,18,4,9.0
822,7,1,2,56,0,0,0,0,0,1,0,0,0,18,15,9.0
823,7,10,2,65,0,0,0,1,0,0,0,0,0,18,5,11.0
824,3,1,3,67,0,0,0,0,0,0,0,1,0,18,19,
825,6,1,3,49,0,0,0,0,0,0,0,0,1,18,19,
826,8,2,4,53,0,0,0,1,0,0,0,0,0,18,1,11.0
827,10,6,4,45,0,0,1,0,0,0,0,0,0,18,15,9.0
828,9,6,5,17,0,0,0,0,0,0,1,0,0,18,19,9.0
829,7,4,5,17,0,0,0,0,0,0,0,0,1,18,15,
830,6,4,1,40,0,0,0,0,1,0,0,0,0,19,1,9.0
831,11,4,1,51,0,0,0,0,0,0,0,0,1,19,1,
832,6,2,1,64,0,0,0,0,1,0,0,0,0,19,4,9.0
833,4,2,1,35,0,0,0,0,1,0,0,0,0,19,15,3.0
834,1,4,1,36,0,1,0,0,0,0,0,0,0,19,5,7.0
835,4,2,1,59,0,0,0,0,0,0,0,1,0,19,13,
836,11,1,1,44,0,0,0,0,0,0,0,0,1,19,0,
837,9,2,1,37,0,0,0,0,0,1,0,0,0,19,13,20.0
838,11,2,1,87,0,0,0,0,1,0,0,0,0,19,1,7.0
839,10,2,1,64,0,0,0,0,0,0,1,0,0,19,1,11.0
840,6,6,2,42,0,0,0,0,1,0,0,0,0,19,15,21.0
841,4,1,2,54,0,0,0,0,0,0,1,0,0,19,5,10.0
842,9,2,2,59,0,0,0,0,0,0,0,0,1,19,15,
843,7,2,2,23,0,0,0,0,0,0,1,0,0,19,14,21.0
844,1,2,2,28,0,0,0,0,0,0,0,0,1,19,1,
845,6,2,2,32,0,0,0,0,0,0,0,0,1,19,0,
846,6,2,2,40,0,0,0,0,0,0,0,0,1,19,5,
847,10,6,2,49,0,0,0,1,0,0,0,0,0,19,15,23.0
848,6,4,2,35,0,0,0,0,0,0,1,0,0,19,0,10.0
849,9,6,2,27,0,0,0,0,0,0,0,0,1,19,15,
850,6,10,3,65,0,0,0,0,0,0,1,0,0,19,1,23.0
851,10,2,3,57,0,0,0,0,0,0,1,0,0,19,15,10.0
852,6,2,3,23,0,0,0,0,0,0,0,0,1,19,1,
853,8,1,3,42,0,0,0,1,0,0,0,0,0,19,19,21.0
854,6,4,3,40,0,0,0,1,0,0,0,0,0,19,13,23.0
855,11,2,3,38,0,0,0,1,0,0,0,0,0,19,5,10.0
856,8,8,3,19,0,0,0,0,0,0,0,0,1,19,19,
857,6,6,3,48,0,0,0,1,0,0,0,0,0,19,1,11.0
858,10,2,3,50,0,0,0,0,0,0,0,0,1,19,1,
859,5,1,3,51,0,0,0,0,0,0,1,0,0,19,1,9.0
860,10,2,4,49,0,0,0,0,0,0,0,1,0,19,15,
861,11,10,4,68,0,1,0,0,0,0,0,0,0,19,12,9.0
862,7,1,4,55,0,0,0,0,0,0,1,0,0,19,15,6.0
863,10,2,4,67,0,0,0,0,1,0,0,0,0,19,19,3.0
864,6,10,4,73,0,0,0,0,0,0,0,0,1,19,15,
865,6,2,4,26,0,0,0,1,0,0,0,0,0,19,15,10.0
866,8,10,4,31,0,0,0,0,0,0,1,0,0,19,15,9.0
867,7,6,4,48,0,0,0,0,1,0,0,0,0,19,15,3.0
868,7,1,4,51,0,0,0,0,0,0,1,0,0,19,14,12.0
869,11,4,4,34,0,0,0,0,0,0,0,0,1,19,15,
870,10,8,5,17,0,0,0,0,0,0,0,0,1,19,1,
871,1,7,5,17,0,0,0,0,0,1,0,0,0,19,13,7.0
872,5,6,5,17,0,0,0,0,0,0,1,0,0,19,0,21.0
873,6,8,5,16,0,0,0,0,1,0,0,0,0,19,13,9.0
874,8,6,5,16,0,1,0,0,0,0,0,0,0,19,15,21.0
875,1,7,5,17,0,0,0,0,0,1,0,0,0,19,5,22.0
876,3,6,5,16,0,0,0,0,0,0,0,0,1,19,15,
877,5,6,5,17,0,0,0,0,0,0,0,0,1,19,14,
878,1,6,5,17,0,0,0,0,0,0,1,0,0,19,1,9.0
879,7,4,5,16,0,0,0,0,1,0,0,0,0,19,15,13.0
